罗湖,峰景台大厦,2016/7/1
罗湖,宝泉庄,2016/7/1
罗湖,金丽豪苑,2016/7/1
罗湖,都市名园,2016/7/1
罗湖,聚龙大厦,2016/7/1
罗湖,港逸豪庭,2016/7/1
罗湖,逸湖居,2016/7/1
罗湖,世界金融中心,2016/7/1
罗湖,仙湖枫景家园,2016/7/1
福田,长城大厦,2016/7/1
福田,长安花园,2016/7/1
福田,金域蓝湾,2016/7/1
福田,金茂礼都,2016/7/1
南山,爱榕园,2016/7/1
南山,翠薇园,2016/7/1
福田,金海燕花园,2016/7/1
南山,万象新园,2016/7/1
南山,南粤明珠,2016/7/1
南山,海月花园,2016/7/1
南山,山海翠庐,2016/7/1
南山,观海台花园,2016/7/1
南山,万裕椰风海岸家园,2016/7/1
南山,俊峰丽舍花园,2016/7/1
南山,晶品居,2016/7/1
宝安,潜龙花园,2016/7/1
宝安,乐景花园,2016/7/1
宝安,西海岸花园海月阁,2016/7/1
宝安,宝城花园,2016/7/1
宝安,御景台,2016/7/1
宝安,日出印象花园,2016/7/1
宝安,御景湾花园,2016/7/1
宝安,春华四季园,2016/7/1
宝安,幸福海岸,2016/7/1
宝安,金海华府,2016/7/1
龙岗,九州家园,2016/7/1
龙岗,茂业城帝景峰,2016/7/1
龙岗,锦城星苑,2016/7/1
龙岗,绿色满庭芳,2016/7/1
龙岗,信义锦绣花园,2016/7/1
龙岗,盈富家园,2016/7/1
福田,绿洲丰和家园,2016/7/1
福田,御景华城花园,2016/7/1
南山,深蓝公寓,2016/7/1
罗湖,汇泰大厦,2016/7/1
罗湖,汇泰大厦,2016/7/1
福田,皇御苑,2016/7/1
南山,诺德假日花园,2016/7/1
南山,半岛城邦花园,2016/7/1
宝安,书香门第上河坊广场,2016/7/1
宝安,招商澜园,2016/7/1
南山,太古城花园,2016/7/1
宝安,花乡家园,2016/7/1
龙岗,慢城四期,2016/7/1
龙岗,千林山居,2016/7/1
龙岗,千林山居,2016/7/1
宝安,招商果岭花园,2016/7/1
南山,红树别院,2016/7/1
龙岗,嘉宏湾花园,2016/7/1
龙岗,公园里花园,2016/7/1
罗湖,竹园商埸,2016/7/4
罗湖,宏丰大厦,2016/7/4
罗湖,庐山花园,2016/7/4
罗湖,大地花园,2016/7/4
罗湖,松泉山庄,2016/7/4
罗湖,都市名园,2016/7/4
罗湖,太阳新城,2016/7/4
福田,莲花北,2016/7/4
福田,合正名园,2016/7/4
福田,港田华园,2016/7/4
福田,蓝湾半岛社区,2016/7/4
福田,皇御苑,2016/7/4
南山,海王大厦,2016/7/4
南山,景园大厦,2016/7/4
南山,现代城华庭,2016/7/4
宝安,新华苑,2016/7/4
宝安,鸿景园,2016/7/4
宝安,缤纷世界花园,2016/7/4
宝安,碧海富通城,2016/7/4
宝安,大信花园,2016/7/4
宝安,阳光海湾花园,2016/7/4
宝安,金港华庭,2016/7/4
龙岗,康达尔花园,2016/7/4
龙岗,荣兴大厦,2016/7/4
龙岗,振业城综合大楼,2016/7/4
龙岗,月朗苑,2016/7/4
龙岗,万科城,2016/7/4
龙岗,左庭右院,2016/7/4
盐田,碧海蓝天明苑蓝天阁,2016/7/4
南山,友邻公寓,2016/7/4
罗湖,风格名苑,2016/7/4
南山,名家富居,2016/7/4
南山,映月湾花园,2016/7/4
福田,明福居,2016/7/4
龙岗,润筑园,2016/7/4
龙岗,荷康花园,2016/7/4
龙岗,保利上城花园,2016/7/4
龙岗,御峰园,2016/7/4
罗湖,港莲村,2016/7/5
罗湖,海丰苑黄山阁,2016/7/5
罗湖,市生产资料公司,2016/7/5
罗湖,美思苑大厦,2016/7/5
罗湖,特力大厦,2016/7/5
罗湖,祥青苑,2016/7/5
罗湖,南方证券大厦,2016/7/5
福田,都会100大厦银都,2016/7/5
福田,创意侨园,2016/7/5
福田,发展兴苑,2016/7/5
南山,海映山庄,2016/7/5
南山,西丽湖渡假村职工住宅,2016/7/5
福田,金海燕花园,2016/7/5
南山,碧海天家园,2016/7/5
南山,鼎太风华社区,2016/7/5
南山,海湾广场丰盛阁,2016/7/5
宝安,滢水山庄,2016/7/5
宝安,湖景居,2016/7/5
宝安,洪福雅苑,2016/7/5
宝安,御景台,2016/7/5
宝安,豪城馨庭居,2016/7/5
宝安,创业二村,2016/7/5
宝安,富通*丽沙花都,2016/7/5
宝安,东华明珠园,2016/7/5
宝安,宝安海滨广场,2016/7/5
宝安,阳光海湾花园,2016/7/5
龙岗,茂业城花园大厦,2016/7/5
龙岗,龙威花园,2016/7/5
龙岗,水晶之城,2016/7/5
龙岗,怡美山庄,2016/7/5
龙岗,龙城国际花园,2016/7/5
龙岗,悦城花园,2016/7/5
龙岗,天健.现代城花园,2016/7/5
龙岗,天集雅苑,2016/7/5
龙岗,茗萃园,2016/7/5
龙岗,鸿润豪苑,2016/7/5
罗湖,一品东门雅园,2016/7/5
福田,港中旅花园,2016/7/5
盐田,金港盛世华庭,2016/7/5
盐田,和亨中心广场,2016/7/5
福田,佳泰兴苑,2016/7/5
福田,南方国际广场,2016/7/5
南山,厚德品园,2016/7/5
南山,厚德品园,2016/7/5
南山,卓越维港名苑,2016/7/5
宝安,圣莫丽斯花园,2016/7/5
龙岗,泽洋园,2016/7/5
宝安,勤诚达和园,2016/7/5
宝安,中洲华府,2016/7/5
宝安,流塘阳光花园,2016/7/5
罗湖,海富花园富春阁,2016/7/6
罗湖,畔山花园,2016/7/6
福田,大众公寓,2016/7/6
福田,单身宿舍,2016/7/6
福田,单身宿舍,2016/7/6
福田,单身宿舍,2016/7/6
南山,玉兰阁,2016/7/6
南山,华采花园南山阁,2016/7/6
南山,鸿瑞花园瑞益阁,2016/7/6
南山,阳光海景豪苑,2016/7/6
南山,侨苑,2016/7/6
南山,星海名城,2016/7/6
南山,深圳湾畔花园,2016/7/6
南山,雅仕荔景苑,2016/7/6
南山,西海明珠花园,2016/7/6
宝安,华安苑,2016/7/6
宝安,桃源居,2016/7/6
宝安,桃源居,2016/7/6
宝安,金达花园,2016/7/6
宝安,城市明珠花园,2016/7/6
宝安,白金假日公寓,2016/7/6
宝安,幸福海岸,2016/7/6
宝安,湾上六座花园,2016/7/6
宝安,兴达华府,2016/7/6
龙岗,德福花园德福中心,2016/7/6
龙岗,加洲花园,2016/7/6
龙岗,信义假日名城博雅园,2016/7/6
龙岗,九州家园,2016/7/6
龙岗,四季花城六期云竹苑,2016/7/6
龙岗,新世界广场,2016/7/6
龙岗,新世界广场,2016/7/6
龙岗,可园,2016/7/6
龙岗,龙园意境华府,2016/7/6
龙岗,龙园意境华府,2016/7/6
盐田,海涛花园,2016/7/6
龙岗,盈富家园,2016/7/6
福田,福源花园北海苑,2016/7/6
福田,自由港湾公寓,2016/7/6
福田,明福居,2016/7/6
罗湖,铂金时代公寓,2016/7/6
龙岗,慢城,2016/7/6
龙岗,海轩广场,2016/7/6
宝安,招商观园,2016/7/6
龙岗,丹梓龙庭,2016/7/6
龙岗,信义御城豪园,2016/7/6
宝安,幸福城润园,2016/7/6
宝安,中洲华府,2016/7/6
罗湖,松泉公寓,2016/7/7
罗湖,莲花阁,2016/7/7
罗湖,住宅1号南,2016/7/7
罗湖,翡翠园山湖居,2016/7/7
福田,南天大厦,2016/7/7
福田,皇御苑,2016/7/7
福田,皇庭彩园,2016/7/7
福田,艺丰花园,2016/7/7
福田,皇庭世纪花园,2016/7/7
南山,星海名城,2016/7/7
南山,滨海之窗花园,2016/7/7
宝安,翠湖花园,2016/7/7
宝安,福安楼,2016/7/7
宝安,金达花园,2016/7/7
龙岗,汇福花园,2016/7/7
龙岗,九州家园,2016/7/7
龙岗,怡康家园,2016/7/7
龙岗,志健时代广场,2016/7/7
龙岗,大山地花园,2016/7/7
龙岗,千林山居,2016/7/7
龙岗,盈富家园,2016/7/7
罗湖,依仙湖居,2016/7/7
南山,红树西岸花园,2016/7/7
福田,祥云天都世纪大厦,2016/7/7
南山,中信红树湾花城,2016/7/7
南山,中信红树湾花城,2016/7/7
罗湖,百仕达东郡广场,2016/7/7
罗湖,华隆园,2016/7/7
龙岗,东方瑞景苑,2016/7/7
宝安,锦绣御园,2016/7/7
宝安,莱蒙春天花园,2016/7/7
福田,兰江山第花园,2016/7/7
龙岗,信义御城豪园,2016/7/7
宝安,金亨利首府,2016/7/7
龙岗,鸿威鸿景华庭,2016/7/7
罗湖,翠竹苑,2016/7/8
罗湖,海丰苑衡山阁,2016/7/8
罗湖,东乐花园,2016/7/8
罗湖,新港鸿花园,2016/7/8
罗湖,都市名园,2016/7/8
罗湖,万事达名苑,2016/7/8
罗湖,城市天地广场,2016/7/8
福田,园岭新村,2016/7/8
福田,景田西,2016/7/8
福田,单身宿舍,2016/7/8
福田,裕康时尚名居,2016/7/8
福田,嘉洲华苑,2016/7/8
南山,京光海景花园,2016/7/8
宝安,滢水山庄,2016/7/8
宝安,春华四季园,2016/7/8
宝安,桂冠华庭,2016/7/8
宝安,碧水龙庭,2016/7/8
宝安,碧海富通城,2016/7/8
宝安,熙龙湾花园,2016/7/8
龙岗,百合山庄,2016/7/8
龙岗,丽湖花园,2016/7/8
龙岗,华侨新村,2016/7/8
龙岗,龙珠花园,2016/7/8
龙岗,天健.现代城花园,2016/7/8
龙岗,大山地花园,2016/7/8
南山,诺德假日花园,2016/7/8
龙岗,盛龙花园,2016/7/8
南山,太古城花园,2016/7/8
南山,太古城花园,2016/7/8
龙岗,振业城,2016/7/8
宝安,潜龙曼海宁花园,2016/7/8
宝安,城市阳光花园,2016/7/8
罗湖,淘金山湖景花园,2016/7/8
宝安,中粮锦云花园,2016/7/8
宝安,湾美花园,2016/7/8
龙岗,卓弘高尔夫雅苑,2016/7/8
罗湖,红群楼,2016/7/11
罗湖,时尚新居,2016/7/11
罗湖,绿景山庄,2016/7/11
罗湖,长丰苑长玥阁,2016/7/11
罗湖,紫荆花园紫悦阁,2016/7/11
罗湖,百仕达花园,2016/7/11
罗湖,深发花园恒发阁,2016/7/11
罗湖,金众经典家园金兰阁,2016/7/11
罗湖,华清园,2016/7/11
罗湖,碧岭华庭,2016/7/11
罗湖,城市天地广场,2016/7/11
福田,统建商住楼,2016/7/11
福田,莲花北,2016/7/11
福田,鹏盛村高层公寓,2016/7/11
福田,缔梦园丽梦轩,2016/7/11
福田,缔梦园丽梦轩,2016/7/11
福田,振业景洲大厦,2016/7/11
福田,华安园,2016/7/11
福田,共和世家碧云轩,2016/7/11
福田,润裕山景豪苑叠翠居,2016/7/11
福田,华强花园,2016/7/11
福田,泰然泰康轩,2016/7/11
福田,单身宿舍,2016/7/11
福田,单身宿舍,2016/7/11
福田,景秀年华家园,2016/7/11
福田,金茂礼都,2016/7/11
南山,科技工业园,2016/7/11
南山,科技园36区住宅,2016/7/11
南山,南海城中心,2016/7/11
南山,水湾头,2016/7/11
南山,爱榕园,2016/7/11
南山,怡园大厦怡涛阁,2016/7/11
南山,仓前锦福苑,2016/7/11
南山,万象新园临风阁,2016/7/11
南山,海印长城小区,2016/7/11
南山,金晖大厦,2016/7/11
南山,海印长城小区,2016/7/11
南山,绿海名都,2016/7/11
南山,海湾广场丰盛阁,2016/7/11
宝安,翠湖花园,2016/7/11
宝安,泰华商业城,2016/7/11
宝安,宝海花园,2016/7/11
宝安,福中福商业城,2016/7/11
宝安,龙腾阁商住楼,2016/7/11
宝安,鸿景园,2016/7/11
宝安,中航阳光新苑,2016/7/11
宝安,日出印象花园,2016/7/11
宝安,桃源盛景园,2016/7/11
龙岗,龙珠花园龙凤阁,2016/7/11
龙岗,德福花园德隆苑,2016/7/11
龙岗,盛龙花园,2016/7/11
龙岗,国展苑,2016/7/11
龙岗,鹏达花园,2016/7/11
龙岗,龙珠花园,2016/7/11
龙岗,万科城,2016/7/11
龙岗,知春里,2016/7/11
龙岗,鸿基花园,2016/7/11
龙岗,茗萃园,2016/7/11
龙岗,中海康城花园,2016/7/11
罗湖,一品东门雅园,2016/7/11
盐田,碧桐海苑,2016/7/11
南山,蛇口高山花园,2016/7/11
罗湖,阳光新干线家园,2016/7/11
南山,前海花园,2016/7/11
南山,华府假日大厦,2016/7/11
罗湖,阳光绿地家园,2016/7/11
福田,蜜园,2016/7/11
福田,南方国际广场,2016/7/11
南山,香榭峰景苑,2016/7/11
罗湖,合正锦湖逸园,2016/7/11
南山,桃源村,2016/7/11
南山,鼎太风华社区,2016/7/11
宝安,中粮澜山花园,2016/7/11
宝安,书香门第上河坊广场,2016/7/11
宝安,圣莫丽斯花园,2016/7/11
龙岗,森雅谷,2016/7/11
南山,君汇新天花园,2016/7/11
宝安,水榭春天花园,2016/7/11
宝安,水榭春天花园,2016/7/11
龙岗,东方瑞景苑小户型住宅,2016/7/11
宝安,福怡商住中心,2016/7/11
盐田,上东湾雅居,2016/7/11
南山,绿海湾花园,2016/7/11
龙岗,嘉御豪园,2016/7/11
龙岗,嘉宏湾花园,2016/7/11
宝安,金城大第花园,2016/7/11
龙岗,嘉御豪园,2016/7/11
南山,龙瑞佳园,2016/7/11
宝安,中洲华府,2016/7/11
宝安,中洲华府,2016/7/11
罗湖,文锦大厦,2016/7/12
罗湖,贝丽花园,2016/7/12
罗湖,敦信大厦,2016/7/12
罗湖,佳宁娜友谊广场,2016/7/12
罗湖,新乐楼,2016/7/12
罗湖,鸿基东港大厦2016/7/12
罗湖,,2016/7/12
罗湖,彩世界家园,2016/7/12
罗湖,心怡花园,2016/7/12
罗湖,虹楼,2016/7/12
罗湖,金鼎大厦,2016/7/12
罗湖,城市天地广场,2016/7/12
罗湖,集建国际名园,2016/7/12
罗湖,百仕达花园,2016/7/12
福田,办公,2016/7/12
福田,长怡花园,2016/7/12
福田,华安园,2016/7/12
福田,黄埔雅苑翠悠园,2016/7/12
福田,彩天名苑,2016/7/12
福田,三建宿舍,2016/7/12
福田,香蜜湖豪庭,2016/7/12
福田,香荔绿洲,2016/7/12
福田,雅颂居第,2016/7/12
福田,皇庭世纪花园,2016/7/12
福田,泰然碧海红树园,2016/7/12
福田,缇香名苑,2016/7/12
南山,松坪山,2016/7/12
南山,龙电南园住宅,2016/7/12
南山,豪方花园,2016/7/12
南山,麒麟花园,2016/7/12
南山,龙坤居,2016/7/12
南山,南山天源大厦塔楼,2016/7/12
南山,深圳湾锦缎之滨,2016/7/12
南山,如意家园,2016/7/12
南山,蔚蓝海岸社区,2016/7/12
宝安,富源花园,2016/7/12
宝安,登科花园,2016/7/12
宝安,桃源居,2016/7/12
宝安,大信花园,2016/7/12
宝安,豪业华庭,2016/7/12
宝安,西城上筑花园,2016/7/12
宝安,桃源盛景园,2016/7/12
宝安,碧水龙庭,2016/7/12
宝安,白金假日公寓,2016/7/12
宝安,槟城西岸华庭,2016/7/12
宝安,碧海富通城,2016/7/12
宝安,碧湾雅园,2016/7/12
龙岗,南岭花园,2016/7/12
龙岗,东方半岛花园,2016/7/12
龙岗,宝丽苑,2016/7/12
龙岗,宝龙花园,2016/7/12
龙岗,可园,2016/7/12
龙岗,左庭右院,2016/7/12
龙岗,锦冠华庭,2016/7/12
龙岗,城市花园,2016/7/12
龙岗,爱地花园,2016/7/12
龙岗,第五园,2016/7/12
龙岗,公园大地花园,2016/7/12
龙岗,振业峦山谷花园,2016/7/12
盐田,海涛花园,2016/7/12
盐田,干部职工,2016/7/12
盐田,万科东海岸社区云山居,2016/7/12
南山,金色海琴苑,2016/7/12
南山,桑泰丹华园,2016/7/12
盐田,海滨假日雅居,2016/7/12
罗湖,钻石时代公寓,2016/7/12
罗湖,华隆园,2016/7/12
宝安,观湖园,2016/7/12
宝安,熙龙湾花园,2016/7/12
龙岗,花语岸花园,2016/7/12
宝安,畔山御景花园,2016/7/12
宝安,畔山御景花园,2016/7/12
龙岗,泽洋园,2016/7/12
南山,首地容御花园,2016/7/12
龙岗,首创八意府,2016/7/12
宝安,魅力时代花园,2016/7/12
宝安,魅力时代花园,2016/7/12
龙岗,卓弘高尔夫雅苑,2016/7/12
宝安,中航天逸花园,2016/7/12
宝安,汇龙湾花园,2016/7/12
龙岗,万科金域缇香花园,2016/7/12
龙岗,万科金域缇香花园,2016/7/12
龙岗,御峰园,2016/7/12
龙岗,京基御景印象家园,2016/7/12
宝安,中洲华府,2016/7/12
罗湖,翠华花园,2016/7/13
罗湖,百仕达花园百景苑,2016/7/13
罗湖,大地花园,2016/7/13
罗湖,俊园,2016/7/13
罗湖,百仕达花园,2016/7/13
罗湖,长丰苑丰琳阁,2016/7/13
罗湖,旭飞华天苑,2016/7/13
罗湖,东悦名轩,2016/7/13
罗湖,城市天地广场,2016/7/13
福田,美莲花园,2016/7/13
福田,汇龙花园,2016/7/13
福田,缔梦园雅梦轩,2016/7/13
福田,宣嘉华庭嘉丽轩,2016/7/13
福田,康欣园,2016/7/13
福田,城市绿洲花园,2016/7/13
福田,港田华园,2016/7/13
福田,新天国际名苑,2016/7/13
福田,玮鹏花园,2016/7/13
南山,愉康花园,2016/7/13
南山,观涛大厦,2016/7/13
南山,月亮湾花园,2016/7/13
南山,银兴苑,2016/7/13
南山,宝珠花园盈翠阁,2016/7/13
南山,蔚蓝海岸社区,2016/7/13
南山,四达大厦,2016/7/13
南山,海月花园,2016/7/13
南山,阳光棕榈园,2016/7/13
南山,现代城华庭,2016/7/13
宝安,裕宝大厦,2016/7/13
宝安,龙腾花园龙荣楼,2016/7/13
宝安,双龙花园龙云楼,2016/7/13
宝安,福中福商业城,2016/7/13
宝安,汇源阁,2016/7/13
宝安,天骄世家,2016/7/13
宝安,御龙居,2016/7/13
宝安,桃源居,2016/7/13
宝安,潜龙*鑫茂花园,2016/7/13
宝安,高发西岸花园,2016/7/13
宝安,骏景华庭,2016/7/13
宝安,春华四季园,2016/7/13
宝安,桃源盛世园,2016/7/13
宝安,星河丹堤花园,2016/7/13
宝安,金港华庭,2016/7/13
宝安,金港华庭,2016/7/13
宝安,兴达华府,2016/7/13
宝安,碧海富通城,2016/7/13
龙岗,德福花园德隆苑,2016/7/13
龙岗,城市花园,2016/7/13
龙岗,龙岭山庄,2016/7/13
龙岗,中海怡翠山庄,2016/7/13
龙岗,中兆花园,2016/7/13
龙岗,鹏达花园,2016/7/13
龙岗,德兴花园,2016/7/13
龙岗,榭丽花园,2016/7/13
龙岗,桂芳园,2016/7/13
龙岗,南岭医院职工,2016/7/13
龙岗,理想家园,2016/7/13
龙岗,水晶之城,2016/7/13
龙岗,桂芳园,2016/7/13
龙岗,欧意轩花园,2016/7/13
龙岗,锦城星苑,2016/7/13
龙岗,水岸新都,2016/7/13
龙岗,鸿润豪苑,2016/7/13
龙岗,振业峦山谷花园,2016/7/13
盐田,官路下小区,2016/7/13
龙岗,盈富家园,2016/7/13
龙岗,盈富家园,2016/7/13
福田,尚书苑尚乐府,2016/7/13
福田,皇御苑,2016/7/13
盐田,花样年花港家园,2016/7/13
龙岗,阅山华府,2016/7/13
龙岗,阅山华府,2016/7/13
南山,香山里花园,2016/7/13
宝安,花样年花郡家园,2016/7/13
福田,皇御苑,2016/7/13
南山,三湘海尚花园,2016/7/13
盐田,绿色盐港家园,2016/7/13
盐田,金山碧海花园,2016/7/13
宝安,花半里清湖花园,2016/7/13
宝安,花半里清湖花园,2016/7/13
宝安,招商果岭花园,2016/7/13
龙岗,金色盛晖华庭,2016/7/13
龙岗,融湖世纪花园,2016/7/13
南山,栖游家园,2016/7/13
宝安,宝中,2016/7/13
龙岗,旭源怡景轩,2016/7/13
南山,天悦湾花园,2016/7/13
南山,深云村,2016/7/13
龙岗,京基御景印象家园,2016/7/13
宝安,联投东方华府,2016/7/13
龙岗,御峰园,2016/7/13
龙岗,万科红悦花园,2016/7/13
罗湖,亚百利商住楼,2016/7/14
罗湖,泰宁花园,2016/7/14
罗湖,中兴商住楼,2016/7/14
罗湖,百仕达花园,2016/7/14
罗湖,金园,2016/7/14
罗湖,和平广场瀚庭轩,2016/7/14
罗湖,海珑华苑海天阁,2016/7/14
罗湖,冠懋金色都汇金好阁,2016/7/14
罗湖,城市天地广场,2016/7/14
福田,海滨广场福满阁,2016/7/14
福田,益田村,2016/7/14
福田,富莲大厦,2016/7/14
福田,众孚大厦幸福阁,2016/7/14
福田,东梅单身公寓,2016/7/14
福田,中银花园新华阁,2016/7/14
福田,长景阁,2016/7/14
福田,荔林苑,2016/7/14
福田,天泽花园天逸苑,2016/7/14
福田,荔林苑,2016/7/14
福田,赛格绿茵阁,2016/7/14
福田,益田花园,2016/7/14
福田,群星广场,2016/7/14
福田,彩天名苑,2016/7/14
福田,金色家园,2016/7/14
福田,翠馨居,2016/7/14
福田,金域蓝湾,2016/7/14
福田,岗厦辛诚花园,2016/7/14
福田,金港豪庭,2016/7/14
福田,润恒大厦,2016/7/14
福田,全海花园,2016/7/14
福田,趣园,2016/7/14
福田,阳光城市家园,2016/7/14
南山,花果山,2016/7/14
南山,招商路北,2016/7/14
南山,蛇口滨海苑,2016/7/14
南山,海昌阁,2016/7/14
南山,天海花园,2016/7/14
南山,阳光棕榈园,2016/7/14
宝安,龙腾花园,2016/7/14
宝安,金侨花园,2016/7/14
宝安,丽景城,2016/7/14
宝安,达海花园,2016/7/14
宝安,金汇名园,2016/7/14
宝安,苹果园,2016/7/14
宝安,苹果园,2016/7/14
宝安,苹果园,2016/7/14
宝安,御龙居,2016/7/14
宝安,新阳丽舍,2016/7/14
宝安,潜龙*鑫茂花园,2016/7/14
宝安,城市明珠花园,2016/7/14
宝安,桃源盛世园,2016/7/14
宝安,阳光海湾花园,2016/7/14
宝安,龙腾阁,2016/7/14
宝安,熙龙湾花园,2016/7/14
宝安,兴达华府,2016/7/14
宝安,兴达华府,2016/7/14
宝安,中粮万福阁,2016/7/14
宝安,中海西岸华府,2016/7/14
龙岗,愉园新村,2016/7/14
龙岗,南威中心,2016/7/14
罗湖,龙园山庄,2016/7/14
龙岗,丽湖花园湖滨阁,2016/7/14
龙岗,阳光翠园,2016/7/14
龙岗,中海怡翠山庄,2016/7/14
龙岗,康达尔花园,2016/7/14
龙岗,新鸿花园,2016/7/14
龙岗,宝龙花园,2016/7/14
龙岗,丽廷豪苑,2016/7/14
龙岗,大世纪水山缘,2016/7/14
龙岗,锦城星苑,2016/7/14
龙岗,翡翠星光园,2016/7/14
龙岗,锦龙名苑,2016/7/14
龙岗,爱地花园,2016/7/14
龙岗,英郡年华花园,2016/7/14
龙岗,旭景佳园,2016/7/14
龙岗,千林山居,2016/7/14
盐田,东海丽景花园,2016/7/14
盐田,鹏湾花园,2016/7/14
罗湖,一品东门雅园,2016/7/14
盐田,碧桐海苑,2016/7/14
福田,韵动家园,2016/7/14
福田,时尚新天地名苑,2016/7/14
南山,前海天朗风清家园天芳园,2016/7/14
罗湖,青橙时代公寓,2016/7/14
罗湖,联城美园秀美阁,2016/7/14
南山,半岛城邦花园,2016/7/14
南山,半岛城邦花园,2016/7/14
罗湖,越港商业中心,2016/7/14
罗湖,天越翔园,2016/7/14
罗湖,红桂皇冠名庭,2016/7/14
南山,朗苑,2016/7/14
龙岗,君悦龙庭,2016/7/14
南山,太古城花园,2016/7/14
南山,太古城花园,2016/7/14
南山,蛇口花园城,2016/7/14
龙岗,公园大地花园,2016/7/14
龙岗,家和盛世花园,2016/7/14
龙岗,家和盛世花园,2016/7/14
宝安,花样年花郡家园,2016/7/14
龙岗,振业城,2016/7/14
宝安,万科金域华府,2016/7/14
宝安,万科金域华府,2016/7/14
龙岗,东方瑞景苑,2016/7/14
宝安,玉湖湾花园,2016/7/14
宝安,魅力时代花园,2016/7/14
龙岗,千林山,2016/7/14
龙岗,十二橡树庄园,2016/7/14
龙岗,悦城花园,2016/7/14
龙岗,万科金域缇香花园,2016/7/14
宝安,湾美花园,2016/7/14
福田,兰江山第花园,2016/7/14
龙岗,信义御城豪园,2016/7/14
龙岗,阅山公馆,2016/7/14
龙岗,嘉宏湾花园,2016/7/14
龙岗,嘉宏湾花园,2016/7/14
南山,栖游家园,2016/7/14
南山,栖游家园,2016/7/14
宝安,联投东方华府,2016/7/14
龙岗,京基御景印象家园,2016/7/14
宝安,华业玫瑰四季馨园,2016/7/14
罗湖,愉天小区,2016/7/15
罗湖,东乐花园,2016/7/15
罗湖,熙龙大厦,2016/7/15
罗湖,松泉公寓,2016/7/15
罗湖,愉天小区,2016/7/15
罗湖,文华大厦,2016/7/15
罗湖,鹏兴花园,2016/7/15
罗湖,旭飞华天苑,2016/7/15
罗湖,红岗大厦,2016/7/15
罗湖,聚龙大厦,2016/7/15
罗湖,聚龙大厦,2016/7/15
罗湖,深长宿舍楼,2016/7/15
罗湖,鹏兴花园5,2016/7/15
罗湖,东方都会大厦,2016/7/15
罗湖,旭飞华达园,2016/7/15
罗湖,旭飞华达园,2016/7/15
罗湖,广场北街东,2016/7/15
罗湖,百仕达花园,2016/7/15
福田,明月花园南,2016/7/15
福田,锦文阁,2016/7/15
福田,安徽大厦,2016/7/15
福田,瑞和园瑞祥阁,2016/7/15
福田,彩天名苑,2016/7/15
福田,园博绿苑,2016/7/15
福田,益田村,2016/7/15
福田,星河国际花园,2016/7/15
福田,雨田村雨莲阁,2016/7/15
福田,阁林网苑,2016/7/15
福田,阳光城市家园,2016/7/15
南山,紫竹园,2016/7/15
南山,紫竹园,2016/7/15
南山,海景花园,2016/7/15
南山,花果山,2016/7/15
南山,花果山,2016/7/15
南山,花果山,2016/7/15
南山,花果山,2016/7/15
南山,花果山,2016/7/15
南山,花果山,2016/7/15
南山,花果山,2016/7/15
南山,花果山,2016/7/15
南山,花果山,2016/7/15
南山,花果山,2016/7/15
南山,花果山,2016/7/15
南山,花果山,2016/7/15
南山,花果山,2016/7/15
南山,花果山,2016/7/15
南山,海照阁,2016/7/15
南山,瑞景华庭,2016/7/15
南山,招商桃花园、,2016/7/15
南山,金钟大厦,2016/7/15
南山,星海名城,2016/7/15
宝安,弘雅花园,2016/7/15
宝安,富士康世纪华庭,2016/7/15
宝安,风采轩倚风阁,2016/7/15
宝安,锦绣清华园,2016/7/15
宝安,豪城馨庭居,2016/7/15
宝安,冠城世家,2016/7/15
宝安,天欣花园,2016/7/15
宝安,白金时代公寓,2016/7/15
宝安,雅然居,2016/7/15
宝安,御龙居,2016/7/15
宝安,日出印象花园,2016/7/15
宝安,鸿景园,2016/7/15
宝安,富通*丽沙花都,2016/7/15
宝安,潜龙*鑫茂花园,2016/7/15
宝安,鸿隆广场,2016/7/15
宝安,缤纷世界花园,2016/7/15
宝安,东华明珠园,2016/7/15
宝安,宝安海滨广场,2016/7/15
宝安,桃源盛景园,2016/7/15
龙岗,南威中心,2016/7/15
龙岗,龙珠花园明珠苑,2016/7/15
龙岗,和兴花园,2016/7/15
龙岗,华侨新村,2016/7/15
龙岗,东方半岛花园,2016/7/15
龙岗,四季花城,2016/7/15
龙岗,盈翠家园,2016/7/15
龙岗,新亚洲花园,2016/7/15
龙岗,翠枫豪园,2016/7/15
龙岗,百合星城,2016/7/15
龙岗,百合星城,2016/7/15
龙岗,九州家园,2016/7/15
龙岗,桂芳园,2016/7/15
龙岗,阳光花园,2016/7/15
龙岗,布吉中心花园,2016/7/15
龙岗,锦城星苑,2016/7/15
龙岗,文雅豪庭,2016/7/15
龙岗,左庭右院,2016/7/15
龙岗,翡翠星光园,2016/7/15
龙岗,榭丽花园,2016/7/15
龙岗,龙园意境华府,2016/7/15
龙岗,水岸新都,2016/7/15
龙岗,水岸新都,2016/7/15
龙岗,第五园,2016/7/15
罗湖,新天地名居,2016/7/15
罗湖,东方华都大厦,2016/7/15
南山,前海天朗风清家园天锦园,2016/7/15
福田,御景华城花园,2016/7/15
福田,城市主场公寓,2016/7/15
南山,红树西岸花园,2016/7/15
南山,友邻公寓,2016/7/15
福田,骏皇名居,2016/7/15
福田,圆梦园,2016/7/15
福田,自由港湾公寓,2016/7/15
罗湖,鸿景翠峰花园,2016/7/15
盐田,万科东海岸社区,2016/7/15
福田,名津广场,2016/7/15
南山,诺德假日花园,2016/7/15
罗湖,华隆园,2016/7/15
南山,恒立心海湾花园,2016/7/15
南山,恒立心海湾花园,2016/7/15
南山,恒立心海湾花园,2016/7/15
南山,太古城花园,2016/7/15
南山,德意名居,2016/7/15
龙岗,家和盛世花园,2016/7/15
宝安,花样年花郡家园,2016/7/15
南山,首地容御花园,2016/7/15
宝安,黄金大厦,2016/7/15
南山,香山里花园,2016/7/15
南山,香山里花园,2016/7/15
龙岗,星河时代花园,2016/7/15
南山,汉京湾雅居,2016/7/15
盐田,海川阁,2016/7/15
宝安,招商果岭花园,2016/7/15
宝安,湾美花园,2016/7/15
宝安,公馆一八六六花园,2016/7/15
宝安,湾美花园9#楼,2016/7/15
福田,兰江山第花园,2016/7/15
宝安,领航里程花园,2016/7/15
龙岗,荷康花园,2016/7/15
南山,栖游家园,2016/7/15
南山,水木丹华园,2016/7/15
宝安,卓越皇后道名苑,2016/7/15
龙岗,深房尚林花园,2016/7/15
龙岗,深房尚林花园,2016/7/15
宝安,联投东方华府,2016/7/15
宝安,华业玫瑰四季馨园,2016/7/15
宝安,华业玫瑰四季馨园,2016/7/15
龙岗,万科红悦花园,2016/7/15
罗湖,东乐花园,2016/7/18
罗湖,太白居,2016/7/18
罗湖,瑞丰大厦,2016/7/18
罗湖,绿景山庄,2016/7/18
罗湖,祥和花园祥合阁,2016/7/18
罗湖,百仕达花园,2016/7/18
罗湖,雅仕居,2016/7/18
罗湖,中建二局一公司,2016/7/18
罗湖,华清园,2016/7/18
罗湖,深城公寓,2016/7/18
罗湖,今日家园明青轩,2016/7/18
罗湖,金众经典家园金茵阁,2016/7/18
罗湖,百仕达花园百景苑,2016/7/18
罗湖,世界金融中心,2016/7/18
罗湖,崇德雍翠华府御翠阁,2016/7/18
罗湖,缤纷时代家园,2016/7/18
福田,振业花园,2016/7/18
福田,鹏盛村,2016/7/18
福田,鹏盛村,2016/7/18
福田,南天大厦,2016/7/18
福田,新洲花园,2016/7/18
福田,先科机电大厦,2016/7/18
福田,金宝城大厦金宝阁,2016/7/18
福田,福民新村,2016/7/18
福田,金色家园,2016/7/18
福田,群星广场,2016/7/18
福田,单身宿舍,2016/7/18
福田,蓝湾半岛社区,2016/7/18
福田,蓝湾半岛社区,2016/7/18
福田,嘉洲华苑,2016/7/18
福田,皇庭世纪花园,2016/7/18
福田,皇庭世纪花园,2016/7/18
南山,紫竹园,2016/7/18
南山,紫竹园,2016/7/18
南山,紫竹园,2016/7/18
南山,花果山,2016/7/18
南山,海文花园,2016/7/18
南山,星海名城,2016/7/18
南山,金钟大厦,2016/7/18
南山,红树东方家园,2016/7/18
南山,云海天城世家,2016/7/18
南山,云海天城世家,2016/7/18
南山,世纪村,2016/7/18
宝安,二十四区商住楼,2016/7/18
宝安,锦绣花园,2016/7/18
宝安,39区统建楼,2016/7/18
宝安,金侨花园,2016/7/18
宝安,金玲花园,2016/7/18
宝安,百佳华大厦,2016/7/18
宝安,金碧世家,2016/7/18
宝安,冠城世家,2016/7/18
宝安,时代景苑,2016/7/18
宝安,香缤广场,2016/7/18
宝安,潜龙*鑫茂花园,2016/7/18
宝安,御景湾花园,2016/7/18
宝安,西城上筑花园,2016/7/18
宝安,西城上筑花园,2016/7/18
宝安,圣淘沙骏园,2016/7/18
宝安,碧水龙庭,2016/7/18
宝安,中航格澜花园,2016/7/18
宝安,金泓凯旋城,2016/7/18
宝安,兴达华府,2016/7/18
龙岗,德兴花园德贵苑,2016/7/18
龙岗,南威中心,2016/7/18
龙岗,吉信大厦,2016/7/18
龙岗,布吉广场,2016/7/18
龙岗,新亚洲花园,2016/7/18
龙岗,国展苑,2016/7/18
龙岗,茵悦之生花园,2016/7/18
龙岗,茂业城帝景峰,2016/7/18
龙岗,百合星城,2016/7/18
龙岗,丽廷豪苑,2016/7/18
龙岗,佳盛园,2016/7/18
龙岗,左庭右院,2016/7/18
龙岗,信义锦绣花园,2016/7/18
龙岗,翡翠星光园,2016/7/18
龙岗,振业城,2016/7/18
福田,韵动家园,2016/7/18
罗湖,深华商业大厦,2016/7/18
福田,御景华城花园,2016/7/18
福田,城市主场公寓,2016/7/18
罗湖,嘉宝田花园,2016/7/18
南山,红树西岸花园,2016/7/18
罗湖,龙园龙凤雅居,2016/7/18
南山,蛇口花园城,2016/7/18
南山,蛇口花园城,2016/7/18
福田,祥云天都世纪大厦,2016/7/18
罗湖,双城世纪大厦,2016/7/18
福田,自由港湾公寓,2016/7/18
福田,高发城驰苑福乐园,2016/7/18
南山,澳城花园,2016/7/18
福田,皇御苑,2016/7/18
南山,诺德假日花园,2016/7/18
宝安,书香门第上河坊广场,2016/7/18
龙岗,盛龙花园,2016/7/18
罗湖,安业馨园,2016/7/18
宝安,招商澜园,2016/7/18
宝安,财富港大厦,2016/7/18
龙岗,大芬油画苑,2016/7/18
宝安,花样年花郡家园,2016/7/18
宝安,花乡家园,2016/7/18
龙岗,第五园,2016/7/18
福田,龙轩豪庭,2016/7/18
龙岗,海轩广场,2016/7/18
福田,四季山水花园,2016/7/18
南山,阳光里雅居,2016/7/18
龙岗,非凡空间阁,2016/7/18
宝安,锦绣御园,2016/7/18
龙岗,阳基新天地家园,2016/7/18
龙岗,荷康花园,2016/7/18
宝安,金亨利首府,2016/7/18
宝安,莱蒙春天花园,2016/7/18
龙岗,振业峦山谷花园,2016/7/18
龙岗,旭源怡景轩,2016/7/18
宝安,流塘阳光花园,2016/7/18
罗湖,布心花园,2016/7/19
罗湖,天地大厦,2016/7/19
罗湖,家属,2016/7/19
罗湖,松泉山庄,2016/7/19
罗湖,东乐花园,2016/7/19
罗湖,雅仕居,2016/7/19
罗湖,龙园苑,2016/7/19
罗湖,源兴居,2016/7/19
罗湖,骏庭名园,2016/7/19
罗湖,宝湖名园,2016/7/19
罗湖,翠园街,2016/7/19
罗湖,嘉年华名苑,2016/7/19
罗湖,蔡屋围丽晶大厦,2016/7/19
罗湖,东悦名轩,2016/7/19
福田,赛格景苑,2016/7/19
福田,福侨花园,2016/7/19
福田,锦文阁,2016/7/19
福田,莲花一村,2016/7/19
福田,银海苑,2016/7/19
福田,梅林一村,2016/7/19
福田,益田村,2016/7/19
福田,金地海景花园,2016/7/19
福田,港田华园,2016/7/19
福田,丽阳天下名苑,2016/7/19
福田,越众越海家园,2016/7/19
南山,紫竹园,2016/7/19
南山,紫竹园,2016/7/19
南山,紫竹园,2016/7/19
南山,愉康花园,2016/7/19
南山,东方花园,2016/7/19
南山,花果山,2016/7/19
南山,花果山,2016/7/19
南山,愉康大厦,2016/7/19
南山,中旅广场碧云阁,2016/7/19
南山,桃源村,2016/7/19
南山,京光海景花园,2016/7/19
南山,汇园雅居,2016/7/19
南山,金麒麟花园,2016/7/19
南山,蓝月湾畔,2016/7/19
南山,麒麟花园秦轩,2016/7/19
南山,瑞景华庭,2016/7/19
南山,南景苑,2016/7/19
南山,深圳湾锦缎之滨,2016/7/19
南山,时代骄子大厦,2016/7/19
南山,深圳湾彩虹之岸,2016/7/19
南山,新一代大厦,2016/7/19
南山,现代城华庭,2016/7/19
宝安,福中福商业城,2016/7/19
宝安,福华大厦,2016/7/19
宝安,东和花园,2016/7/19
宝安,银泉花园,2016/7/19
宝安,金泽花园雅景阁,2016/7/19
宝安,世外桃源,2016/7/19
宝安,御龙居,2016/7/19
宝安,书香门第名苑,2016/7/19
宝安,金达花园,2016/7/19
宝安,金地梅陇镇花园,2016/7/19
龙岗,宏兴苑,2016/7/19
龙岗,龙岭山庄,2016/7/19
龙岗,颂雅苑,2016/7/19
龙岗,龙珠花园明珠苑,2016/7/19
龙岗,康达尔花园,2016/7/19
龙岗,水晶之城,2016/7/19
龙岗,东都雅苑沐香阁,2016/7/19
龙岗,信义假日名城,2016/7/19
龙岗,日辉台花园,2016/7/19
龙岗,龙园意境华府,2016/7/19
龙岗,公园大地花园,2016/7/19
龙岗,振业峦山谷花园,2016/7/19
盐田,海滨花园,2016/7/19
盐田,天浩商住楼,2016/7/19
盐田,万科东海岸社区中心公寓,2016/7/19
南山,中信红树湾花城,2016/7/19
福田,缔梦园,2016/7/19
盐田,金海雅居,2016/7/19
福田,御景华城花园,2016/7/19
南山,友邻公寓,2016/7/19
罗湖,丰湖大厦丰瑞阁,2016/7/19
罗湖,双城世纪大厦,2016/7/19
罗湖,南塘商业广场,2016/7/19
南山,诺德假日花园,2016/7/19
南山,四海公寓,2016/7/19
宝安,金地上塘道花园,2016/7/19
龙岗,盛龙花园,2016/7/19
龙岗,君悦龙庭,2016/7/19
龙岗,乐安居大酒店,2016/7/19
龙岗,上品雅园,2016/7/19
宝安,财富港大厦,2016/7/19
龙岗,振业峦山谷花园,2016/7/19
龙岗,振业峦山谷花园,2016/7/19
宝安,熙元山院,2016/7/19
福田,景源华庭,2016/7/19
宝安,黄金大厦,2016/7/19
龙岗,首创八意府,2016/7/19
龙岗,朝阳里雅苑,2016/7/19
宝安,宏发上域花园,2016/7/19
宝安,西城雅筑花苑,2016/7/19
南山,荔海春城花园,2016/7/19
福田,天御香山花园,2016/7/19
龙岗,瑞泽佳园,2016/7/19
南山,栖游家园,2016/7/19
龙岗,金汐府,2016/7/19
龙岗,深房尚林花园,2016/7/19
罗湖,四季御园,2016/7/19
罗湖,龙屋住宅区,2016/7/20
罗湖,畔山花园,2016/7/20
罗湖,福德花园大厦,2016/7/20
罗湖,金丽豪苑,2016/7/20
罗湖,雍翠豪园,2016/7/20
罗湖,梧桐山新居,2016/7/20
罗湖,逸翠园,2016/7/20
罗湖,崇德雍翠华府,2016/7/20
罗湖,城市天地广场,2016/7/20
福田,红岭大厦,2016/7/20
福田,统建商住楼,2016/7/20
福田,下步庙,2016/7/20
福田,福滨新村,2016/7/20
福田,信托花园,2016/7/20
福田,锦文阁,2016/7/20
福田,东海花园,2016/7/20
福田,泰安轩,2016/7/20
福田,皇御苑,2016/7/20
福田,单身宿舍,2016/7/20
福田,俊景豪园,2016/7/20
福田,俊景豪园,2016/7/20
福田,南光捷佳大厦,2016/7/20
福田,南光捷佳大厦,2016/7/20
福田,凯丰花园,2016/7/20
福田,皇御苑,2016/7/20
福田,皇庭世纪花园,2016/7/20
福田,鹏基单身公寓,2016/7/20
福田,翰岭花园,2016/7/20
南山,心语家园,2016/7/20
南山,滨海之窗花园,2016/7/20
宝安,弘雅花园,2016/7/20
宝安,富盈门花园,2016/7/20
宝安,锦绣清华园,2016/7/20
宝安,中南花园,2016/7/20
宝安,天骄世家,2016/7/20
宝安,煜丰泽花园广场,2016/7/20
宝安,皓月花园,2016/7/20
宝安,都市翠海华苑,2016/7/20
宝安,锦绣江南,2016/7/20
宝安,招商华侨城曦城,2016/7/20
宝安,白金假日公寓,2016/7/20
宝安,佳华书苑,2016/7/20
龙岗,和通花园,2016/7/20
龙岗,丽湖花园,2016/7/20
龙岗,龙珠花园,2016/7/20
龙岗,龙珠花园,2016/7/20
龙岗,阳光翠园,2016/7/20
龙岗,桂芳园,2016/7/20
龙岗,水晶之城,2016/7/20
龙岗,17英里花园,2016/7/20
龙岗,翡翠星光园,2016/7/20
龙岗,水蓝湾园,2016/7/20
罗湖,一品东门雅园,2016/7/20
罗湖,东方华都大厦,2016/7/20
罗湖,风格名苑,2016/7/20
福田,中城天邑花园,2016/7/20
福田,中城天邑花园,2016/7/20
罗湖,汇泰大厦,2016/7/20
南山,鼎太风华社区,2016/7/20
宝安,金地梅陇镇花园,2016/7/20
龙岗,大山地花园,2016/7/20
龙岗,城市立方花园,2016/7/20
龙岗,御峰园,2016/7/20
罗湖,翠竹苑,2016/7/20
龙岗,中海康城花园,2016/7/20
南山,前海豪苑,2016/7/20
罗湖,凤凰印象花园,2016/7/20
龙岗,怡龙枫景园、,2016/7/20
盐田,绿色盐港家园,2016/7/20
龙岗,深业紫麟山花园,2016/7/20
龙岗,东方沁园,2016/7/20
宝安,凤凰花苑,2016/7/20
宝安,海雅广场,2016/7/20
龙岗,东鸿雅居,2016/7/20
宝安,万科金色领域花园,2016/7/20
宝安,万科金色领域花园,2016/7/20
龙岗,东晟时代花园,2016/7/20
龙岗,深业御园,2016/7/20
宝安,公馆一八六六花园,2016/7/20
福田,锦庐花园,2016/7/20
宝安,深房传麒山,2016/7/20
龙岗,承翰陶源花园,2016/7/20
罗湖,四季御园,2016/7/20
龙岗,荷康花园,2016/7/20
宝安,中洲华府,2016/7/20
罗湖,宁水花园,2016/7/21
罗湖,聚宝综合楼,2016/7/21
罗湖,国都花园,2016/7/21
罗湖,洪湖花园,2016/7/21
罗湖,时尚新居,2016/7/21
罗湖,都市名园,2016/7/21
罗湖,雅仕居,2016/7/21
罗湖,旭飞华天苑,2016/7/21
罗湖,新秀村,2016/7/21
罗湖,源兴居,2016/7/21
罗湖,骏庭名园,2016/7/21
罗湖,向西大厦,2016/7/21
罗湖,雅馨居,2016/7/21
罗湖,松泉公寓,2016/7/21
罗湖,东海大厦,2016/7/21
罗湖,城市天地广场,2016/7/21
福田,香蜜二村,2016/7/21
福田,南天大厦,2016/7/21
福田,莲花一村,2016/7/21
福田,集福居,2016/7/21
福田,都市花园,2016/7/21
福田,建鑫苑,2016/7/21
福田,单身宿舍,2016/7/21
福田,金色家园,2016/7/21
福田,都市阳光名苑,2016/7/21
福田,皇御苑,2016/7/21
福田,皇庭世纪花园,2016/7/21
南山,豪方花园,2016/7/21
南山,宝珠花园,2016/7/21
南山,星海名城,2016/7/21
南山,绿海名都,2016/7/21
南山,英达.钰龙园,2016/7/21
宝安,二十四区商住楼,2016/7/21
宝安,桃源居,2016/7/21
宝安,锦绣清华园,2016/7/21
宝安,丰泽湖山庄,2016/7/21
宝安,世外桃源,2016/7/21
宝安,富通*好旺角,2016/7/21
宝安,御龙居,2016/7/21
宝安,深业*新岸线,2016/7/21
宝安,潜龙*鑫茂花园,2016/7/21
宝安,鸿隆广场,2016/7/21
宝安,鸿隆广场,2016/7/21
宝安,碧水龙庭,2016/7/21
宝安,金地梅陇镇花园,2016/7/21
宝安,金地梅陇镇花园,2016/7/21
宝安,阳光海湾花园,2016/7/21
宝安,凤凰雅居,2016/7/21
龙岗,碧湖花园,2016/7/21
龙岗,百合星城,2016/7/21
龙岗,桂芳园,2016/7/21
龙岗,欧意轩花园,2016/7/21
龙岗,泰雅园,2016/7/21
龙岗,桂芳园,2016/7/21
龙岗,慢城2,2016/7/21
龙岗,华浩源,2016/7/21
龙岗,京南华庭,2016/7/21
龙岗,旭景佳园,2016/7/21
罗湖,一品东门雅园,2016/7/21
福田,雕塑家园,2016/7/21
福田,尚书苑尚文府,2016/7/21
南山,星海名城,2016/7/21
南山,蛇口花园城,2016/7/21
南山,米兰第二季公寓,2016/7/21
福田,凯旋豪庭,2016/7/21
南山,浅水湾花园,2016/7/21
福田,圆梦园,2016/7/21
南山,前海金岸大厦,2016/7/21
罗湖,东方.尊峪花园,2016/7/21
福田,电子技术学校家属楼,2016/7/21
福田,颐林雅院,2016/7/21
罗湖,百仕达东郡广场,2016/7/21
盐田,中海半山溪谷花园,2016/7/21
南山,卓越维港名苑,2016/7/21
罗湖,曦龙山庄,2016/7/21
南山,鼎太风华社区,2016/7/21
宝安,书香门第上河坊广场,2016/7/21
龙岗,森雅谷,2016/7/21
南山,汉京峰景苑,2016/7/21
南山,蛇口花园城,2016/7/21
龙岗,润筑园,2016/7/21
龙岗,振业峦山谷花园,2016/7/21
宝安,水榭春天花园,2016/7/21
宝安,水榭春天花园,2016/7/21
宝安,水榭春天花园,2016/7/21
宝安,金地上塘道花园,2016/7/21
龙岗,中海康城花园,2016/7/21
宝安,城市峰尚花园,2016/7/21
宝安,桃源峰景园,2016/7/21
宝安,花半里清湖花园,2016/7/21
龙岗,深业御园,2016/7/21
宝安,香格丽湾园,2016/7/21
宝安,芷峪澜湾花园,2016/7/21
宝安,芷峪澜湾花园,2016/7/21
龙岗,阳基新天地家园,2016/7/21
福田,锦庐花园,2016/7/21
龙岗,嘉御豪园,2016/7/21
龙岗,嘉宏湾花园,2016/7/21
福田,京基滨河时代广场,2016/7/21
龙岗,金汐府,2016/7/21
龙岗,海航国兴花园,2016/7/21
龙岗,京基御景印象家园,2016/7/21
罗湖,文星楼,2016/7/22
罗湖,东方皇宫大厦,2016/7/22
罗湖,天地大厦,2016/7/22
罗湖,聚宝花园,2016/7/22
罗湖,金丽豪苑,2016/7/22
罗湖,碧清园,2016/7/22
罗湖,鹿鸣园,2016/7/22
罗湖,梧桐山新居,2016/7/22
罗湖,今日家园,2016/7/22
罗湖,云景豪园,2016/7/22
罗湖,梧桐山新居,2016/7/22
罗湖,银座公寓,2016/7/22
罗湖,宝平街,2016/7/22
福田,航苑大厦,2016/7/22
福田,长乐花园,2016/7/22
福田,福滨新村,2016/7/22
福田,华强花园,2016/7/22
福田,碧云天天字楼,2016/7/22
福田,嘉汇新城,2016/7/22
福田,黄埔雅苑,2016/7/22
福田,皇御苑,2016/7/22
福田,福田外贸大厦,2016/7/22
福田,单身宿舍,2016/7/22
福田,海康大厦,2016/7/22
福田,黄埔雅苑,2016/7/22
福田,香蜜湖水榭花都,2016/7/22
福田,阁林网苑,2016/7/22
福田,星座大厦,2016/7/22
南山,海湾花园,2016/7/22
南山,桃源村,2016/7/22
南山,华侨城锦绣花园,2016/7/22
南山,前海华庭,2016/7/22
南山,西海湾花园,2016/7/22
南山,深圳湾锦缎之滨,2016/7/22
南山,现代城华庭,2016/7/22
宝安,景山花园,2016/7/22
宝安,御景台,2016/7/22
宝安,青春庭园,2016/7/22
宝安,馨园,2016/7/22
宝安,金达花园,2016/7/22
宝安,宝利豪庭,2016/7/22
宝安,碧海名园,2016/7/22
宝安,德业新城花园,2016/7/22
宝安,七里香榭花园,2016/7/22
宝安,菁英趣庭,2016/7/22
宝安,君逸世家花园,2016/7/22
宝安,桃源盛世园,2016/7/22
宝安,招商华侨城曦城,2016/7/22
宝安,中海西岸华府,2016/7/22
龙岗,龙珠花园明珠苑,2016/7/22
龙岗,南油花园,2016/7/22
龙岗,龙珠花园明珠苑,2016/7/22
龙岗,东方半岛花园,2016/7/22
龙岗,富康苑,2016/7/22
龙岗,尚景花园,2016/7/22
龙岗,中城康桥花园,2016/7/22
龙岗,榭丽花园,2016/7/22
龙岗,桂芳园,2016/7/22
龙岗,龙威花园,2016/7/22
龙岗,宝丽苑,2016/7/22
龙岗,大世纪水山缘,2016/7/22
龙岗,桂芳园,2016/7/22
龙岗,大世纪花园,2016/7/22
龙岗,万科城,2016/7/22
龙岗,风临四季花园,2016/7/22
龙岗,志健时代广场,2016/7/22
龙岗,英郡年华花园,2016/7/22
龙岗,龙园意境华府,2016/7/22
龙岗,颐景峰苑,2016/7/22
龙岗,万科金域东郡,2016/7/22
龙岗,深业东城上邸,2016/7/22
盐田,福苑,2016/7/22
盐田,碧海蓝天明苑碧海阁,2016/7/22
盐田,万科东海岸社区中心公寓,2016/7/22
罗湖,新天地名居,2016/7/22
南山,漾日湾畔,2016/7/22
罗湖,阳光新干线家园,2016/7/22
福田,缔梦园,2016/7/22
南山,春树里小区,2016/7/22
福田,蜜园,2016/7/22
福田,蜜园,2016/7/22
福田,金众小区,2016/7/22
南山,映月湾花园,2016/7/22
盐田,花样年花港家园,2016/7/22
南山,诺德假日花园,2016/7/22
龙岗,森雅谷,2016/7/22
龙岗,振业城,2016/7/22
龙岗,城市立方花园,2016/7/22
龙岗,城南雅筑,2016/7/22
龙岗,振业峦山谷花园,2016/7/22
宝安,花样年花郡家园,2016/7/22
龙岗,振业城,2016/7/22
宝安,花乡家园,2016/7/22
宝安,玉湖湾花园,2016/7/22
宝安,玉湖湾花园,2016/7/22
龙岗,海轩广场,2016/7/22
龙岗,海轩广场,2016/7/22
龙岗,御府名筑花园,2016/7/22
龙岗,信义御城豪园,2016/7/22
龙岗,东城中心花园,2016/7/22
龙岗,东城中心花园,2016/7/22
龙岗,东城中心花园,2016/7/22
龙岗,保利上城花园,2016/7/22
罗湖,新港鸿花园,2016/7/25
罗湖,丹枫白露苑,2016/7/25
罗湖,朗钜御风庭,2016/7/25
福田,滨江新村西区,2016/7/25
福田,华茂苑,2016/7/25
福田,福华新村,2016/7/25
福田,香榭里花园,2016/7/25
福田,彩福大厦,2016/7/25
福田,嘉洲豪园,2016/7/25
福田,鲁班大厦,2016/7/25
福田,皇庭世纪花园,2016/7/25
福田,盛世家园,2016/7/25
南山,海虹苑,2016/7/25
南山,汇园雅居,2016/7/25
南山,汇宾广场,2016/7/25
南山,鼎太风华社区,2016/7/25
南山,南国丽城花园,2016/7/25
南山,海月花园,2016/7/25
宝安,锦绣花园,2016/7/25
宝安,雄宝楼,2016/7/25
宝安,石鸿花园,2016/7/25
宝安,文福大厦,2016/7/25
宝安,万家灯火花园,2016/7/25
宝安,冠城世家,2016/7/25
宝安,融景园,2016/7/25
宝安,宏发*雍景城,2016/7/25
宝安,观澜湖高尔夫大宅*汉士达区,2016/7/25
宝安,碧海富通城,2016/7/25
宝安,碧海富通城,2016/7/25
龙岗,愉园新村,2016/7/25
龙岗,中海怡翠山庄,2016/7/25
龙岗,丽湖花园,2016/7/25
龙岗,中城康桥花园,2016/7/25
龙岗,隆盛花园,2016/7/25
龙岗,新亚洲广场,2016/7/25
龙岗,新鸿花园,2016/7/25
龙岗,大世纪水山缘,2016/7/25
龙岗,信义假日名城锦绣园,2016/7/25
龙岗,叠翠新峰花园,2016/7/25
龙岗,可园,2016/7/25
龙岗,碧湖玫瑰园,2016/7/25
龙岗,阳光花园,2016/7/25
龙岗,溢芳园,2016/7/25
龙岗,康达尔蝴蝶堡,2016/7/25
龙岗,振业峦山谷花园,2016/7/25
罗湖,一品东门雅园,2016/7/25
盐田,碧桐海苑,2016/7/25
南山,半岛城邦花园,2016/7/25
盐田,和亨中心广场,2016/7/25
罗湖,鸿景翠峰花园,2016/7/25
盐田,园林宿舍,2016/7/25
宝安,招商澜园,2016/7/25
龙岗,上品雅园,2016/7/25
龙岗,阳光天健城,2016/7/25
宝安,花样年花郡家园,2016/7/25
宝安,花乡家园,2016/7/25
宝安,金地上塘道花园,2016/7/25
宝安,金地上塘道花园,2016/7/25
宝安,凤凰花苑,2016/7/25
龙岗,星河时代花园,2016/7/25
南山,阳光海滨花园,2016/7/25
宝安,宏发君域花园,2016/7/25
盐田,泊郡雅苑,2016/7/25
龙岗,和成世纪名园,2016/7/25
龙岗,承翰陶源花园,2016/7/25
宝安,润恒尚园,2016/7/25
龙岗,振业峦山谷花园,2016/7/25
罗湖,东乐花园,2016/7/26
罗湖,东方皇宫大厦,2016/7/26
罗湖,滨河中学校,2016/7/26
罗湖,马古岭住宅区,2016/7/26
罗湖,洪湖花园,2016/7/26
罗湖,桂苑,2016/7/26
罗湖,桂花大厦,2016/7/26
罗湖,云景豪园雅景阁,2016/7/26
罗湖,鹿茵翠地,2016/7/26
罗湖,翡翠园山湖居,2016/7/26
罗湖,翡翠园山湖居,2016/7/26
罗湖,世界金融中心,2016/7/26
罗湖,清水河生活小区,2016/7/26
福田,通新岭新村,2016/7/26
福田,莲花北,2016/7/26
福田,皇城广场皇溪苑,2016/7/26
福田,金福苑,2016/7/26
福田,教学综合楼,2016/7/26
福田,意馨居,2016/7/26
福田,香榭里花园,2016/7/26
福田,嘉洲豪园,2016/7/26
福田,香诗美林花园,2016/7/26
南山,侨洲花园,2016/7/26
南山,金海燕花园,2016/7/26
南山,鼎太风华社区,2016/7/26
南山,现代城华庭,2016/7/26
南山,世纪村,2016/7/26
宝安,中商花园,2016/7/26
宝安,大益广场,2016/7/26
宝安,宝湖居,2016/7/26
宝安,天悦龙庭,2016/7/26
宝安,鸿隆广场,2016/7/26
宝安,君逸世家花园,2016/7/26
龙岗,德兴花园德贵苑,2016/7/26
龙岗,丽湖花园湖美阁,2016/7/26
龙岗,欧景城华庭,2016/7/26
龙岗,荣超花园,2016/7/26
龙岗,国展苑,2016/7/26
龙岗,汇福花园,2016/7/26
龙岗,粤宝花园,2016/7/26
龙岗,绿色满庭芳,2016/7/26
龙岗,慢城,2016/7/26
龙岗,水岸新都,2016/7/26
龙岗,君悦龙庭,2016/7/26
龙岗,振业峦山谷花园,2016/7/26
盐田,瀚海翠庭,2016/7/26
罗湖,一品东门雅园,2016/7/26
罗湖,星湖花园,2016/7/26
罗湖,东方华都大厦,2016/7/26
罗湖,联城美园秀美阁,2016/7/26
罗湖,笋岗大厦,2016/7/26
南山,南油南海大厦,2016/7/26
南山,星海名城,2016/7/26
罗湖,东方.尊峪花园,2016/7/26
盐田,花样年花港家园,2016/7/26
南山,方鼎华庭园,2016/7/26
南山,诺德假日花园,2016/7/26
福田,建业小区,2016/7/26
罗湖,东方颐园,2016/7/26
龙岗,瑞华园,2016/7/26
宝安,书香门第上河坊广场,2016/7/26
龙岗,公园大地花园,2016/7/26
南山,前海豪苑,2016/7/26
龙岗,东方瑞景苑小户型住宅,2016/7/26
龙岗,中海康城花园,2016/7/26
南山,泛海拉菲花园,2016/7/26
福田,桐林公寓,2016/7/26
南山,雍景湾花园,2016/7/26
宝安,绿景香颂花园,2016/7/26
福田,君临天下名苑,2016/7/26
宝安,万科翡丽郡花园,2016/7/26
福田,锦庐花园,2016/7/26
龙岗,荷康花园,2016/7/26
宝安,润恒尚园,2016/7/26
宝安,中洲华府,2016/7/26
罗湖,百仕达花园,2016/7/27
罗湖,都市名园,2016/7/27
罗湖,翠拥华庭,2016/7/27
罗湖,碧岭华庭,2016/7/27
罗湖,集建国际名园,2016/7/27
福田,意馨居,2016/7/27
福田,都会100大厦金都,2016/7/27
福田,皇庭世纪花园,2016/7/27
福田,越众越海家园,2016/7/27
南山,南油,2016/7/27
南山,海景花园,2016/7/27
南山,滨福世纪广场,2016/7/27
宝安,丰润花园,2016/7/27
宝安,大益广场,2016/7/27
宝安,高正豪景花园,2016/7/27
宝安,御龙居,2016/7/27
宝安,德业新城花园,2016/7/27
宝安,西城上筑花园,2016/7/27
宝安,东江豪苑,2016/7/27
宝安,菁英趣庭,2016/7/27
宝安,碧海富通城,2016/7/27
宝安,西城品阁,2016/7/27
宝安,熙龙湾花园,2016/7/27
宝安,鸿荣源禧园,2016/7/27
宝安,香缇湾花园,2016/7/27
龙岗,龙珠花园,2016/7/27
龙岗,国展苑,2016/7/27
龙岗,茂业城帝景峰,2016/7/27
龙岗,东都花园,2016/7/27
龙岗,盈翠家园,2016/7/27
龙岗,龙珠花园,2016/7/27
龙岗,阳光花园,2016/7/27
龙岗,佳盛园,2016/7/27
龙岗,万科城,2016/7/27
龙岗,东方盛世花园,2016/7/27
龙岗,深业紫麟山花园,2016/7/27
盐田,东海丽景花园,2016/7/27
盐田,碧桐海苑,2016/7/27
罗湖,联城美园华美阁,2016/7/27
南山,友邻公寓,2016/7/27
南山,南油南海大厦,2016/7/27
龙岗,盛龙花园,2016/7/27
南山,铭筑荔苑,2016/7/27
盐田,上东湾雅居,2016/7/27
龙岗,卓弘高尔夫雅苑,2016/7/27
宝安,西城雅筑花苑,2016/7/27
盐田,泊郡雅苑,2016/7/27
龙岗,旭源瑞景轩,2016/7/27
龙岗,满京华喜悦里华庭,2016/7/27
龙岗,嘉御豪园,2016/7/27
龙岗,远洋新干线荣域花园,2016/7/27
龙岗,金地名峰花园,2016/7/27
龙岗,保利上城花园,2016/7/27
南山,曦湾天馥名苑,2016/7/27
罗湖,四季御园,2016/7/27
龙岗,京基御景印象家园,2016/7/27
宝安,中洲华府,2016/7/27
罗湖,愉天小区,2016/7/28
罗湖,鹏基工业区,2016/7/28
罗湖,卧龙阁,2016/7/28
罗湖,港逸豪庭,2016/7/28
罗湖,骏庭名园,2016/7/28
罗湖,港逸豪庭,2016/7/28
罗湖,鹏兴花园,2016/7/28
罗湖,崇德雍翠华府,2016/7/28
罗湖,乐扬枫景阁,2016/7/28
福田,莲花北,2016/7/28
福田,锦林新居,2016/7/28
福田,园中花园,2016/7/28
福田,深圳国际文化大厦,2016/7/28
福田,玮鹏花园,2016/7/28
福田,皇御苑,2016/7/28
福田,东方时代广场,2016/7/28
福田,发展兴苑,2016/7/28
南山,锦绣公寓,2016/7/28
南山,玫瑰园,2016/7/28
南山,松坪山,2016/7/28
南山,半岛花园居仙大厦,2016/7/28
南山,松坪山,2016/7/28
南山,南油天安工业村,2016/7/28
南山,蔚蓝海岸社区,2016/7/28
南山,海月花园,2016/7/28
南山,英达.钰龙园,2016/7/28
南山,鼎太风华社区,2016/7/28
宝安,雅仕阁,2016/7/28
宝安,新安湖花园,2016/7/28
宝安,集信大厦,2016/7/28
宝安,海湾明珠花园,2016/7/28
宝安,鸿隆广场,2016/7/28
宝安,西城丰和家园,2016/7/28
龙岗,桂芳园,2016/7/28
龙岗,鹏达花园,2016/7/28
龙岗,桂芳园,2016/7/28
龙岗,振业城综合大楼,2016/7/28
龙岗,悦城花园,2016/7/28
龙岗,怡瑞山居,2016/7/28
龙岗,茗萃园,2016/7/28
龙岗,公园大地花园,2016/7/28
龙岗,鸿润豪苑,2016/7/28
龙岗,振业峦山谷花园,2016/7/28
盐田,沙头角海天园,2016/7/28
南山,南海玫瑰花园,2016/7/28
罗湖,东乐花园,2016/7/28
福田,绿洲丰和家园,2016/7/28
罗湖,东方华都大厦,2016/7/28
罗湖,东门天地大厦,2016/7/28
南山,纯海岸雅居,2016/7/28
南山,春树里小区,2016/7/28
罗湖,金祥都市花园,2016/7/28
盐田,万科东海岸社区云山居,2016/7/28
南山,中信红树湾花城,2016/7/28
南山,香榭峰景苑,2016/7/28
福田,瀚盛花园,2016/7/28
罗湖,南塘商业广场,2016/7/28
罗湖,汇泰大厦,2016/7/28
福田,皇御苑,2016/7/28
南山,半岛城邦花园,2016/7/28
南山,半岛城邦花园,2016/7/28
宝安,金地梅陇镇花园,2016/7/28
龙岗,上品雅园,2016/7/28
南山,三湘海尚花园,2016/7/28
龙岗,中海康城花园,2016/7/28
龙岗,中海康城花园,2016/7/28
龙岗,大都汇大厦,2016/7/28
龙岗,嘉宏湾花园,2016/7/28
龙岗,千林山居,2016/7/28
宝安,莱蒙春天花园,2016/7/28
龙岗,保利上城花园,2016/7/28
龙岗,阳基新天地家园,2016/7/28
龙岗,万科金域缇香花园,2016/7/28
龙岗,中粮一品澜山花园,2016/7/28
龙岗,嘉御豪园,2016/7/28
龙岗,嘉宏湾花园,2016/7/28
龙岗,中信龙盛广场,2016/7/28
南山,栖游家园,2016/7/28
龙岗,熙璟城豪苑,2016/7/28
龙岗,颐安都会中央花园,2016/7/28
罗湖,松泉公寓,2016/7/29
罗湖,时尚新居,2016/7/29
罗湖,时尚新居,2016/7/29
罗湖,翠竹苑,2016/7/29
罗湖,源兴居,2016/7/29
罗湖,鹏兴花园,2016/7/29
罗湖,金鼎大厦,2016/7/29
罗湖,冠懋金色都汇金好阁,2016/7/29
罗湖,世界金融中心,2016/7/29
罗湖,东悦名轩,2016/7/29
罗湖,旭飞华达园,2016/7/29
罗湖,百仕达花园,2016/7/29
福田,梅林二村,2016/7/29
福田,益田村,2016/7/29
福田,深华运输,2016/7/29
福田,中银花园,2016/7/29
福田,枫丹雅苑,2016/7/29
福田,振业翠海花园,2016/7/29
福田,鹏盛年华公寓,2016/7/29
福田,玮鹏花园,2016/7/29
福田,皇庭世纪花园,2016/7/29
福田,梅林三村高层,2016/7/29
南山,水湾小区,2016/7/29
南山,碧涛苑别墅,2016/7/29
南山,龙辉花园,2016/7/29
南山,假日湾华庭,2016/7/29
南山,英伦名苑,2016/7/29
南山,绿海名都,2016/7/29
南山,新一代大厦,2016/7/29
南山,海阔天空雅居,2016/7/29
南山,光彩山居岁月家园,2016/7/29
南山,晶品居,2016/7/29
宝安,华龙花园,2016/7/29
宝安,半岛明苑,2016/7/29
宝安,桂花别墅,2016/7/29
宝安,美丽家园,2016/7/29
宝安,宝利豪庭,2016/7/29
宝安,尚都花园,2016/7/29
宝安,碧水龙庭,2016/7/29
宝安,西城丰和家园,2016/7/29
宝安,宏发领域花园,2016/7/29
宝安,西城品阁,2016/7/29
宝安,世纪春城,2016/7/29
宝安,熙龙湾花园,2016/7/29
龙岗,茂业城怡兴楼,2016/7/29
龙岗,丽湖花园丽,2016/7/29
龙岗,余岭山庄,2016/7/29
龙岗,中海怡翠山庄,2016/7/29
龙岗,四季花城,2016/7/29
龙岗,榭丽花园,2016/7/29
龙岗,茂业城帝景峰,2016/7/29
龙岗,桂芳园,2016/7/29
龙岗,中翠花园,2016/7/29
龙岗,阳光广场,2016/7/29
龙岗,可园,2016/7/29
龙岗,知春里,2016/7/29
龙岗,左庭右院,2016/7/29
龙岗,万科城,2016/7/29
龙岗,龙城华府,2016/7/29
龙岗,可园,2016/7/29
龙岗,公园大地花园,2016/7/29
南山,中信红树湾花城,2016/7/29
福田,花好园,2016/7/29
罗湖,荣兴大厦,2016/7/29
南山,星海名城,2016/7/29
福田,香格丽苑,2016/7/29
福田,香蜜湖第一生态苑,2016/7/29
盐田,花样年花港家园,2016/7/29
南山,中海阳光玫瑰园,2016/7/29
宝安,圣莫丽斯花园,2016/7/29
宝安,观湖园,2016/7/29
福田,新阁大厦,2016/7/29
龙岗,景和园,2016/7/29
宝安,花乡家园,2016/7/29
南山,鼎胜山邻居,2016/7/29
宝安,玉湖湾花园,2016/7/29
龙岗,中海康城花园,2016/7/29
宝安,凤凰花苑,2016/7/29
龙岗,大都汇大厦,2016/7/29
龙岗,朝阳里雅苑,2016/7/29
宝安,桃源峰景园,2016/7/29
龙岗,首创八意府,2016/7/29
宝安,星河盛世花园,2016/7/29
龙岗,承翰陶源花园,2016/7/29
龙岗,璞岸花园,2016/7/29
龙岗,佳兆业悦峰花园,2016/7/29
龙岗,御峰园,2016/7/29